{"train_losses": [1.1720773046472786, 0.7630179686303789, 0.6017915591626158, 0.47951309335247033, 0.37988336950597745, 0.2848673773523103, 0.2027564822140216, 0.13720257033642216, 0.08436371844145096, 0.051681331152385976], "val_losses": [0.9539221208707421, 0.7428738432647908, 0.7076532935674211, 0.8023172231902064, 0.8605880296863286, 0.8606026805607618, 0.8532215633751017, 0.7915286015620274, 0.9755145353553569, 0.9560781806971119], "val_accuracy": [0.6754874651810585, 0.731058495821727, 0.7986072423398328, 0.7813370473537604, 0.7550139275766017, 0.8006963788300836, 0.7916434540389972, 0.8061281337047354, 0.8079387186629526, 0.8220055710306406]}